account,txn_pairs,txns_in,amount,fees,accts,median_dur_a,median_dur_d
BBB,3,2.0,4700.0,200.0,1,0.1,0.35
DDD,2,2.0,1600.0,100.0,1,24.016666666666666,24.016666666666666
CCC,2,0.9958333333333333,2390.0,199.16666666666669,1,25.466666666666665,25.466666666666665
EEE,2,0.9916666666666667,1090.8333333333333,99.16666666666667,1,50.36666666666667,50.36666666666667
