account,txn_pairs,txns_in,amount,fees,accts,median_dur_a,median_dur_d
BBB,3,2.0,4500.0,0.0,1,0.1,0.35
DDD,2,2.0,1500.0,0.0,1,24.016666666666666,24.016666666666666
CCC,2,1.0,2000.0,0.0,1,24.083333333333332,24.083333333333332
EEE,2,1.0,1000.0,0.0,1,50.36666666666667,50.36666666666667
