motif,flows,amount,deposits,users,median_dur_f,median_dur_a,median_dur_d
deposit~bill_payment,1,3500.0,0.875,1,0.1,0.1,0.1
deposit~p2p_transfer~cash_withdraw,2,1500.0,1.5,3,24.983333333333334,49.483333333333334,24.983333333333334
deposit~p2p_transfer~card_payment,1,100.0,0.05,2,49.95,49.95,49.95
deposit~cash_withdraw,1,500.0,0.125,1,50.31666666666667,50.31666666666667,50.31666666666667
deposit~p2p_transfer~bill_payment,1,900.0,0.45,2,74.45,74.45,74.45
