user_ID,days,amt,txn,flw,amt_c,txn_c,flw_c,amt_cr,txn_cr,flw_cr
BBB,0,4000.0,1.875,2,4500.0,2.0,3,1.0,1.0,1.0
BBB,2,500.0,0.125,1,500.0,0.125,1,0.1111111111111111,0.0625,0.3333333333333333
DDD,1,500.0,1.0,1,500.0,1.0,1,1.0,1.0,1.0
DDD,0,0,0,0,500.0,1.0,1,1.0,1.0,1.0
CCC,1,2000.0,1.0,3,2000.0,1.0,3,1.0,1.0,1.0
CCC,0,0,0,0,2000.0,1.0,3,1.0,1.0,1.0
EEE,1,100.0,0.1,1,1000.0,1.0,2,1.0,1.0,1.0
EEE,2,900.0,0.9,1,900.0,0.9,1,0.9,0.9,0.5
EEE,0,0,0,0,1000.0,1.0,2,1.0,1.0,1.0
