duration,flows,amount,deposits,entrys,exits,users,median_dur_f,median_dur_a,median_dur_d
'(0,1]',1,3500.0,0.875,1,1,1,0.1,0.1,0.1
'(24,48]',1,500.0,1.0,1,1,2,24.983333333333334,24.983333333333334,24.983333333333334
'(48,inf)',4,2500.0,1.125,1,3,4,49.95,50.31666666666667,50.31666666666667
