interval,txn_pairs,txns_in,amount,fees,accts,median_dur_a,median_dur_d
'(0,1]',2,1.875,4000.0,0.0,1,0.1,0.35
'(1,48]',5,3.1,3600.0,0.0,3,24.083333333333332,24.633333333333333
'(48,inf)',2,1.025,1400.0,0.0,2,50.36666666666667,50.36666666666667
