duration,complete,amount,deposits
0.1,True,3500.0,0.875
24.983333333333334,True,500.0,1.0
49.483333333333334,True,1000.0,0.5
49.95,True,100.0,0.05
50.31666666666667,True,500.0,0.125
74.45,True,900.0,0.45
