interval,flows,deposits,amount,entrys,exits,users,median_dur_f,median_dur_a,median_dur_d
'(0,1]',1,0.875,3500.0,1,1,1,0.1,0.1,0.1
'(1,48]',1,1.0,500.0,1,1,2,24.983333333333334,24.983333333333334,24.983333333333334
'(48,inf)',4,1.125,2500.0,1,3,4,49.95,50.31666666666667,50.31666666666667
