duration,complete,deposits,amount
0.1,True,0.875,3500.0
24.983333333333334,True,1.0,500.0
49.483333333333334,True,0.5,1000.0
49.95,True,0.05,100.0
50.31666666666667,True,0.125,500.0
74.45,True,0.45,900.0
