duration,complete,txns_in,amount
0.1,True,0.875,3500.0,a,l,l
0.35,True,1.0,500.0,a,l,l
24.633333333333333,True,1.0,500.0,a,l,l
25.466666666666665,True,0.5,1000.0,a,l,l
24.016666666666666,True,1.0,1000.0,a,l,l
24.083333333333332,True,0.05,100.0,a,l,l
25.866666666666667,True,0.1,100.0,a,l,l
50.31666666666667,True,0.125,500.0,a,l,l
24.083333333333332,True,0.45,900.0,a,l,l
50.36666666666667,True,0.9,900.0,a,l,l
