user_ID,days,amt,txn,flw,amt_c,txn_c,flw_c,amt_cr,txn_cr,flw_cr
XYZ,0,240.609756097561,2.961382113821138,8,300.0,5.0,20,1.0,1.0,1.0
XYZ,1,29.146341463414636,1.1016260162601625,4,59.390243902439025,2.0386178861788617,12,0.19796747967479675,0.40772357723577235,0.6
XYZ,2,19.878048780487802,0.25203252032520324,4,30.24390243902439,0.9369918699186992,8,0.1008130081300813,0.18739837398373985,0.4
XYZ,4,5.0,0.16666666666666666,1,5.0,0.16666666666666666,1,0.016666666666666666,0.03333333333333333,0.05
XYZ,3,5.365853658536586,0.5182926829268293,3,10.365853658536587,0.6849593495934959,4,0.034552845528455285,0.1369918699186992,0.2
