user_ID,days,amt,txn,flw,amt_c,txn_c,flw_c,amt_cr,txn_cr,flw_cr
XYZ,0,240.609756097561,2.961382113821138,8,300.0,5.0,18,1.0,1.0,1.0
XYZ,1,29.75609756097561,1.1321138211382114,5,59.390243902439025,2.0386178861788617,10,0.19796747967479675,0.40772357723577235,0.5555555555555556
XYZ,2,19.634146341463413,0.2398373983739837,3,29.634146341463413,0.9065040650406504,5,0.09878048780487804,0.18130081300813009,0.2777777777777778
XYZ,4,5.0,0.16666666666666666,1,5.0,0.16666666666666666,1,0.016666666666666666,0.03333333333333333,0.05555555555555555
XYZ,3,5.0,0.5,1,10.0,0.6666666666666666,2,0.03333333333333333,0.13333333333333333,0.1111111111111111
