subcateg,txn_pairs,txns_in,amount,fees,accts,median_dur_a,median_dur_d
deposit~withdraw,16,4.945121951219512,294.5121951219512,0.0,1,2.0,15.0
deposit~untracked,2,0.0548780487804878,5.487804878048779,0,1,48.0,31.0
